,0,1
0,0.01,10
1,0.01,11
2,0.01,12
3,0.01,13
4,0.01,14
5,0.01,15
6,0.01,16
7,0.01,17
8,0.01,18
9,0.01,19
10,0.01,20
11,0.01,21
12,0.01,22
13,0.01,23
14,0.01,24
15,0.01,25
16,0.01,26
17,0.01,27
18,0.01,28
19,0.01,29
20,0.025050505050505052,10
21,0.025050505050505052,11
22,0.025050505050505052,12
23,0.025050505050505052,13
24,0.025050505050505052,14
25,0.025050505050505052,15
26,0.025050505050505052,16
27,0.025050505050505052,17
28,0.025050505050505052,18
29,0.025050505050505052,19
30,0.025050505050505052,20
31,0.025050505050505052,21
32,0.025050505050505052,22
33,0.025050505050505052,23
34,0.025050505050505052,24
35,0.025050505050505052,25
36,0.025050505050505052,26
37,0.025050505050505052,27
38,0.025050505050505052,28
39,0.025050505050505052,29
40,0.0401010101010101,10
41,0.0401010101010101,11
42,0.0401010101010101,12
43,0.0401010101010101,13
44,0.0401010101010101,14
45,0.0401010101010101,15
46,0.0401010101010101,16
47,0.0401010101010101,17
48,0.0401010101010101,18
49,0.0401010101010101,19
50,0.0401010101010101,20
51,0.0401010101010101,21
52,0.0401010101010101,22
53,0.0401010101010101,23
54,0.0401010101010101,24
55,0.0401010101010101,25
56,0.0401010101010101,26
57,0.0401010101010101,27
58,0.0401010101010101,28
59,0.0401010101010101,29
60,0.05515151515151515,10
61,0.05515151515151515,11
62,0.05515151515151515,12
63,0.05515151515151515,13
64,0.05515151515151515,14
65,0.05515151515151515,15
66,0.05515151515151515,16
67,0.05515151515151515,17
68,0.05515151515151515,18
69,0.05515151515151515,19
70,0.05515151515151515,20
71,0.05515151515151515,21
72,0.05515151515151515,22
73,0.05515151515151515,23
74,0.05515151515151515,24
75,0.05515151515151515,25
76,0.05515151515151515,26
77,0.05515151515151515,27
78,0.05515151515151515,28
79,0.05515151515151515,29
80,0.0702020202020202,10
81,0.0702020202020202,11
82,0.0702020202020202,12
83,0.0702020202020202,13
84,0.0702020202020202,14
85,0.0702020202020202,15
86,0.0702020202020202,16
87,0.0702020202020202,17
88,0.0702020202020202,18
89,0.0702020202020202,19
90,0.0702020202020202,20
91,0.0702020202020202,21
92,0.0702020202020202,22
93,0.0702020202020202,23
94,0.0702020202020202,24
95,0.0702020202020202,25
96,0.0702020202020202,26
97,0.0702020202020202,27
98,0.0702020202020202,28
99,0.0702020202020202,29
100,0.08525252525252525,10
101,0.08525252525252525,11
102,0.08525252525252525,12
103,0.08525252525252525,13
104,0.08525252525252525,14
105,0.08525252525252525,15
106,0.08525252525252525,16
107,0.08525252525252525,17
108,0.08525252525252525,18
109,0.08525252525252525,19
110,0.08525252525252525,20
111,0.08525252525252525,21
112,0.08525252525252525,22
113,0.08525252525252525,23
114,0.08525252525252525,24
115,0.08525252525252525,25
116,0.08525252525252525,26
117,0.08525252525252525,27
118,0.08525252525252525,28
119,0.08525252525252525,29
120,0.1003030303030303,10
121,0.1003030303030303,11
122,0.1003030303030303,12
123,0.1003030303030303,13
124,0.1003030303030303,14
125,0.1003030303030303,15
126,0.1003030303030303,16
127,0.1003030303030303,17
128,0.1003030303030303,18
129,0.1003030303030303,19
130,0.1003030303030303,20
131,0.1003030303030303,21
132,0.1003030303030303,22
133,0.1003030303030303,23
134,0.1003030303030303,24
135,0.1003030303030303,25
136,0.1003030303030303,26
137,0.1003030303030303,27
138,0.1003030303030303,28
139,0.1003030303030303,29
140,0.11535353535353535,10
141,0.11535353535353535,11
142,0.11535353535353535,12
143,0.11535353535353535,13
144,0.11535353535353535,14
145,0.11535353535353535,15
146,0.11535353535353535,16
147,0.11535353535353535,17
148,0.11535353535353535,18
149,0.11535353535353535,19
150,0.11535353535353535,20
151,0.11535353535353535,21
152,0.11535353535353535,22
153,0.11535353535353535,23
154,0.11535353535353535,24
155,0.11535353535353535,25
156,0.11535353535353535,26
157,0.11535353535353535,27
158,0.11535353535353535,28
159,0.11535353535353535,29
160,0.1304040404040404,10
161,0.1304040404040404,11
162,0.1304040404040404,12
163,0.1304040404040404,13
164,0.1304040404040404,14
165,0.1304040404040404,15
166,0.1304040404040404,16
167,0.1304040404040404,17
168,0.1304040404040404,18
169,0.1304040404040404,19
170,0.1304040404040404,20
171,0.1304040404040404,21
172,0.1304040404040404,22
173,0.1304040404040404,23
174,0.1304040404040404,24
175,0.1304040404040404,25
176,0.1304040404040404,26
177,0.1304040404040404,27
178,0.1304040404040404,28
179,0.1304040404040404,29
180,0.14545454545454545,10
181,0.14545454545454545,11
182,0.14545454545454545,12
183,0.14545454545454545,13
184,0.14545454545454545,14
185,0.14545454545454545,15
186,0.14545454545454545,16
187,0.14545454545454545,17
188,0.14545454545454545,18
189,0.14545454545454545,19
190,0.14545454545454545,20
191,0.14545454545454545,21
192,0.14545454545454545,22
193,0.14545454545454545,23
194,0.14545454545454545,24
195,0.14545454545454545,25
196,0.14545454545454545,26
197,0.14545454545454545,27
198,0.14545454545454545,28
199,0.14545454545454545,29
200,0.1605050505050505,10
201,0.1605050505050505,11
202,0.1605050505050505,12
203,0.1605050505050505,13
204,0.1605050505050505,14
205,0.1605050505050505,15
206,0.1605050505050505,16
207,0.1605050505050505,17
208,0.1605050505050505,18
209,0.1605050505050505,19
210,0.1605050505050505,20
211,0.1605050505050505,21
212,0.1605050505050505,22
213,0.1605050505050505,23
214,0.1605050505050505,24
215,0.1605050505050505,25
216,0.1605050505050505,26
217,0.1605050505050505,27
218,0.1605050505050505,28
219,0.1605050505050505,29
220,0.17555555555555558,10
221,0.17555555555555558,11
222,0.17555555555555558,12
223,0.17555555555555558,13
224,0.17555555555555558,14
225,0.17555555555555558,15
226,0.17555555555555558,16
227,0.17555555555555558,17
228,0.17555555555555558,18
229,0.17555555555555558,19
230,0.17555555555555558,20
231,0.17555555555555558,21
232,0.17555555555555558,22
233,0.17555555555555558,23
234,0.17555555555555558,24
235,0.17555555555555558,25
236,0.17555555555555558,26
237,0.17555555555555558,27
238,0.17555555555555558,28
239,0.17555555555555558,29
240,0.1906060606060606,10
241,0.1906060606060606,11
242,0.1906060606060606,12
243,0.1906060606060606,13
244,0.1906060606060606,14
245,0.1906060606060606,15
246,0.1906060606060606,16
247,0.1906060606060606,17
248,0.1906060606060606,18
249,0.1906060606060606,19
250,0.1906060606060606,20
251,0.1906060606060606,21
252,0.1906060606060606,22
253,0.1906060606060606,23
254,0.1906060606060606,24
255,0.1906060606060606,25
256,0.1906060606060606,26
257,0.1906060606060606,27
258,0.1906060606060606,28
259,0.1906060606060606,29
260,0.20565656565656565,10
261,0.20565656565656565,11
262,0.20565656565656565,12
263,0.20565656565656565,13
264,0.20565656565656565,14
265,0.20565656565656565,15
266,0.20565656565656565,16
267,0.20565656565656565,17
268,0.20565656565656565,18
269,0.20565656565656565,19
270,0.20565656565656565,20
271,0.20565656565656565,21
272,0.20565656565656565,22
273,0.20565656565656565,23
274,0.20565656565656565,24
275,0.20565656565656565,25
276,0.20565656565656565,26
277,0.20565656565656565,27
278,0.20565656565656565,28
279,0.20565656565656565,29
280,0.2207070707070707,10
281,0.2207070707070707,11
282,0.2207070707070707,12
283,0.2207070707070707,13
284,0.2207070707070707,14
285,0.2207070707070707,15
286,0.2207070707070707,16
287,0.2207070707070707,17
288,0.2207070707070707,18
289,0.2207070707070707,19
290,0.2207070707070707,20
291,0.2207070707070707,21
292,0.2207070707070707,22
293,0.2207070707070707,23
294,0.2207070707070707,24
295,0.2207070707070707,25
296,0.2207070707070707,26
297,0.2207070707070707,27
298,0.2207070707070707,28
299,0.2207070707070707,29
300,0.23575757575757578,10
301,0.23575757575757578,11
302,0.23575757575757578,12
303,0.23575757575757578,13
304,0.23575757575757578,14
305,0.23575757575757578,15
306,0.23575757575757578,16
307,0.23575757575757578,17
308,0.23575757575757578,18
309,0.23575757575757578,19
310,0.23575757575757578,20
311,0.23575757575757578,21
312,0.23575757575757578,22
313,0.23575757575757578,23
314,0.23575757575757578,24
315,0.23575757575757578,25
316,0.23575757575757578,26
317,0.23575757575757578,27
318,0.23575757575757578,28
319,0.23575757575757578,29
320,0.2508080808080808,10
321,0.2508080808080808,11
322,0.2508080808080808,12
323,0.2508080808080808,13
324,0.2508080808080808,14
325,0.2508080808080808,15
326,0.2508080808080808,16
327,0.2508080808080808,17
328,0.2508080808080808,18
329,0.2508080808080808,19
330,0.2508080808080808,20
331,0.2508080808080808,21
332,0.2508080808080808,22
333,0.2508080808080808,23
334,0.2508080808080808,24
335,0.2508080808080808,25
336,0.2508080808080808,26
337,0.2508080808080808,27
338,0.2508080808080808,28
339,0.2508080808080808,29
340,0.26585858585858585,10
341,0.26585858585858585,11
342,0.26585858585858585,12
343,0.26585858585858585,13
344,0.26585858585858585,14
345,0.26585858585858585,15
346,0.26585858585858585,16
347,0.26585858585858585,17
348,0.26585858585858585,18
349,0.26585858585858585,19
350,0.26585858585858585,20
351,0.26585858585858585,21
352,0.26585858585858585,22
353,0.26585858585858585,23
354,0.26585858585858585,24
355,0.26585858585858585,25
356,0.26585858585858585,26
357,0.26585858585858585,27
358,0.26585858585858585,28
359,0.26585858585858585,29
360,0.2809090909090909,10
361,0.2809090909090909,11
362,0.2809090909090909,12
363,0.2809090909090909,13
364,0.2809090909090909,14
365,0.2809090909090909,15
366,0.2809090909090909,16
367,0.2809090909090909,17
368,0.2809090909090909,18
369,0.2809090909090909,19
370,0.2809090909090909,20
371,0.2809090909090909,21
372,0.2809090909090909,22
373,0.2809090909090909,23
374,0.2809090909090909,24
375,0.2809090909090909,25
376,0.2809090909090909,26
377,0.2809090909090909,27
378,0.2809090909090909,28
379,0.2809090909090909,29
380,0.295959595959596,10
381,0.295959595959596,11
382,0.295959595959596,12
383,0.295959595959596,13
384,0.295959595959596,14
385,0.295959595959596,15
386,0.295959595959596,16
387,0.295959595959596,17
388,0.295959595959596,18
389,0.295959595959596,19
390,0.295959595959596,20
391,0.295959595959596,21
392,0.295959595959596,22
393,0.295959595959596,23
394,0.295959595959596,24
395,0.295959595959596,25
396,0.295959595959596,26
397,0.295959595959596,27
398,0.295959595959596,28
399,0.295959595959596,29
400,0.311010101010101,10
401,0.311010101010101,11
402,0.311010101010101,12
403,0.311010101010101,13
404,0.311010101010101,14
405,0.311010101010101,15
406,0.311010101010101,16
407,0.311010101010101,17
408,0.311010101010101,18
409,0.311010101010101,19
410,0.311010101010101,20
411,0.311010101010101,21
412,0.311010101010101,22
413,0.311010101010101,23
414,0.311010101010101,24
415,0.311010101010101,25
416,0.311010101010101,26
417,0.311010101010101,27
418,0.311010101010101,28
419,0.311010101010101,29
420,0.32606060606060605,10
421,0.32606060606060605,11
422,0.32606060606060605,12
423,0.32606060606060605,13
424,0.32606060606060605,14
425,0.32606060606060605,15
426,0.32606060606060605,16
427,0.32606060606060605,17
428,0.32606060606060605,18
429,0.32606060606060605,19
430,0.32606060606060605,20
431,0.32606060606060605,21
432,0.32606060606060605,22
433,0.32606060606060605,23
434,0.32606060606060605,24
435,0.32606060606060605,25
436,0.32606060606060605,26
437,0.32606060606060605,27
438,0.32606060606060605,28
439,0.32606060606060605,29
440,0.34111111111111114,10
441,0.34111111111111114,11
442,0.34111111111111114,12
443,0.34111111111111114,13
444,0.34111111111111114,14
445,0.34111111111111114,15
446,0.34111111111111114,16
447,0.34111111111111114,17
448,0.34111111111111114,18
449,0.34111111111111114,19
450,0.34111111111111114,20
451,0.34111111111111114,21
452,0.34111111111111114,22
453,0.34111111111111114,23
454,0.34111111111111114,24
455,0.34111111111111114,25
456,0.34111111111111114,26
457,0.34111111111111114,27
458,0.34111111111111114,28
459,0.34111111111111114,29
460,0.3561616161616162,10
461,0.3561616161616162,11
462,0.3561616161616162,12
463,0.3561616161616162,13
464,0.3561616161616162,14
465,0.3561616161616162,15
466,0.3561616161616162,16
467,0.3561616161616162,17
468,0.3561616161616162,18
469,0.3561616161616162,19
470,0.3561616161616162,20
471,0.3561616161616162,21
472,0.3561616161616162,22
473,0.3561616161616162,23
474,0.3561616161616162,24
475,0.3561616161616162,25
476,0.3561616161616162,26
477,0.3561616161616162,27
478,0.3561616161616162,28
479,0.3561616161616162,29
480,0.3712121212121212,10
481,0.3712121212121212,11
482,0.3712121212121212,12
483,0.3712121212121212,13
484,0.3712121212121212,14
485,0.3712121212121212,15
486,0.3712121212121212,16
487,0.3712121212121212,17
488,0.3712121212121212,18
489,0.3712121212121212,19
490,0.3712121212121212,20
491,0.3712121212121212,21
492,0.3712121212121212,22
493,0.3712121212121212,23
494,0.3712121212121212,24
495,0.3712121212121212,25
496,0.3712121212121212,26
497,0.3712121212121212,27
498,0.3712121212121212,28
499,0.3712121212121212,29
500,0.38626262626262625,10
501,0.38626262626262625,11
502,0.38626262626262625,12
503,0.38626262626262625,13
504,0.38626262626262625,14
505,0.38626262626262625,15
506,0.38626262626262625,16
507,0.38626262626262625,17
508,0.38626262626262625,18
509,0.38626262626262625,19
510,0.38626262626262625,20
511,0.38626262626262625,21
512,0.38626262626262625,22
513,0.38626262626262625,23
514,0.38626262626262625,24
515,0.38626262626262625,25
516,0.38626262626262625,26
517,0.38626262626262625,27
518,0.38626262626262625,28
519,0.38626262626262625,29
520,0.4013131313131313,10
521,0.4013131313131313,11
522,0.4013131313131313,12
523,0.4013131313131313,13
524,0.4013131313131313,14
525,0.4013131313131313,15
526,0.4013131313131313,16
527,0.4013131313131313,17
528,0.4013131313131313,18
529,0.4013131313131313,19
530,0.4013131313131313,20
531,0.4013131313131313,21
532,0.4013131313131313,22
533,0.4013131313131313,23
534,0.4013131313131313,24
535,0.4013131313131313,25
536,0.4013131313131313,26
537,0.4013131313131313,27
538,0.4013131313131313,28
539,0.4013131313131313,29
540,0.4163636363636364,10
541,0.4163636363636364,11
542,0.4163636363636364,12
543,0.4163636363636364,13
544,0.4163636363636364,14
545,0.4163636363636364,15
546,0.4163636363636364,16
547,0.4163636363636364,17
548,0.4163636363636364,18
549,0.4163636363636364,19
550,0.4163636363636364,20
551,0.4163636363636364,21
552,0.4163636363636364,22
553,0.4163636363636364,23
554,0.4163636363636364,24
555,0.4163636363636364,25
556,0.4163636363636364,26
557,0.4163636363636364,27
558,0.4163636363636364,28
559,0.4163636363636364,29
560,0.4314141414141414,10
561,0.4314141414141414,11
562,0.4314141414141414,12
563,0.4314141414141414,13
564,0.4314141414141414,14
565,0.4314141414141414,15
566,0.4314141414141414,16
567,0.4314141414141414,17
568,0.4314141414141414,18
569,0.4314141414141414,19
570,0.4314141414141414,20
571,0.4314141414141414,21
572,0.4314141414141414,22
573,0.4314141414141414,23
574,0.4314141414141414,24
575,0.4314141414141414,25
576,0.4314141414141414,26
577,0.4314141414141414,27
578,0.4314141414141414,28
579,0.4314141414141414,29
580,0.44646464646464645,10
581,0.44646464646464645,11
582,0.44646464646464645,12
583,0.44646464646464645,13
584,0.44646464646464645,14
585,0.44646464646464645,15
586,0.44646464646464645,16
587,0.44646464646464645,17
588,0.44646464646464645,18
589,0.44646464646464645,19
590,0.44646464646464645,20
591,0.44646464646464645,21
592,0.44646464646464645,22
593,0.44646464646464645,23
594,0.44646464646464645,24
595,0.44646464646464645,25
596,0.44646464646464645,26
597,0.44646464646464645,27
598,0.44646464646464645,28
599,0.44646464646464645,29
600,0.46151515151515154,10
601,0.46151515151515154,11
602,0.46151515151515154,12
603,0.46151515151515154,13
604,0.46151515151515154,14
605,0.46151515151515154,15
606,0.46151515151515154,16
607,0.46151515151515154,17
608,0.46151515151515154,18
609,0.46151515151515154,19
610,0.46151515151515154,20
611,0.46151515151515154,21
612,0.46151515151515154,22
613,0.46151515151515154,23
614,0.46151515151515154,24
615,0.46151515151515154,25
616,0.46151515151515154,26
617,0.46151515151515154,27
618,0.46151515151515154,28
619,0.46151515151515154,29
620,0.4765656565656566,10
621,0.4765656565656566,11
622,0.4765656565656566,12
623,0.4765656565656566,13
624,0.4765656565656566,14
625,0.4765656565656566,15
626,0.4765656565656566,16
627,0.4765656565656566,17
628,0.4765656565656566,18
629,0.4765656565656566,19
630,0.4765656565656566,20
631,0.4765656565656566,21
632,0.4765656565656566,22
633,0.4765656565656566,23
634,0.4765656565656566,24
635,0.4765656565656566,25
636,0.4765656565656566,26
637,0.4765656565656566,27
638,0.4765656565656566,28
639,0.4765656565656566,29
640,0.4916161616161616,10
641,0.4916161616161616,11
642,0.4916161616161616,12
643,0.4916161616161616,13
644,0.4916161616161616,14
645,0.4916161616161616,15
646,0.4916161616161616,16
647,0.4916161616161616,17
648,0.4916161616161616,18
649,0.4916161616161616,19
650,0.4916161616161616,20
651,0.4916161616161616,21
652,0.4916161616161616,22
653,0.4916161616161616,23
654,0.4916161616161616,24
655,0.4916161616161616,25
656,0.4916161616161616,26
657,0.4916161616161616,27
658,0.4916161616161616,28
659,0.4916161616161616,29
660,0.5066666666666666,10
661,0.5066666666666666,11
662,0.5066666666666666,12
663,0.5066666666666666,13
664,0.5066666666666666,14
665,0.5066666666666666,15
666,0.5066666666666666,16
667,0.5066666666666666,17
668,0.5066666666666666,18
669,0.5066666666666666,19
670,0.5066666666666666,20
671,0.5066666666666666,21
672,0.5066666666666666,22
673,0.5066666666666666,23
674,0.5066666666666666,24
675,0.5066666666666666,25
676,0.5066666666666666,26
677,0.5066666666666666,27
678,0.5066666666666666,28
679,0.5066666666666666,29
680,0.5217171717171717,10
681,0.5217171717171717,11
682,0.5217171717171717,12
683,0.5217171717171717,13
684,0.5217171717171717,14
685,0.5217171717171717,15
686,0.5217171717171717,16
687,0.5217171717171717,17
688,0.5217171717171717,18
689,0.5217171717171717,19
690,0.5217171717171717,20
691,0.5217171717171717,21
692,0.5217171717171717,22
693,0.5217171717171717,23
694,0.5217171717171717,24
695,0.5217171717171717,25
696,0.5217171717171717,26
697,0.5217171717171717,27
698,0.5217171717171717,28
699,0.5217171717171717,29
700,0.5367676767676768,10
701,0.5367676767676768,11
702,0.5367676767676768,12
703,0.5367676767676768,13
704,0.5367676767676768,14
705,0.5367676767676768,15
706,0.5367676767676768,16
707,0.5367676767676768,17
708,0.5367676767676768,18
709,0.5367676767676768,19
710,0.5367676767676768,20
711,0.5367676767676768,21
712,0.5367676767676768,22
713,0.5367676767676768,23
714,0.5367676767676768,24
715,0.5367676767676768,25
716,0.5367676767676768,26
717,0.5367676767676768,27
718,0.5367676767676768,28
719,0.5367676767676768,29
720,0.5518181818181818,10
721,0.5518181818181818,11
722,0.5518181818181818,12
723,0.5518181818181818,13
724,0.5518181818181818,14
725,0.5518181818181818,15
726,0.5518181818181818,16
727,0.5518181818181818,17
728,0.5518181818181818,18
729,0.5518181818181818,19
730,0.5518181818181818,20
731,0.5518181818181818,21
732,0.5518181818181818,22
733,0.5518181818181818,23
734,0.5518181818181818,24
735,0.5518181818181818,25
736,0.5518181818181818,26
737,0.5518181818181818,27
738,0.5518181818181818,28
739,0.5518181818181818,29
740,0.5668686868686869,10
741,0.5668686868686869,11
742,0.5668686868686869,12
743,0.5668686868686869,13
744,0.5668686868686869,14
745,0.5668686868686869,15
746,0.5668686868686869,16
747,0.5668686868686869,17
748,0.5668686868686869,18
749,0.5668686868686869,19
750,0.5668686868686869,20
751,0.5668686868686869,21
752,0.5668686868686869,22
753,0.5668686868686869,23
754,0.5668686868686869,24
755,0.5668686868686869,25
756,0.5668686868686869,26
757,0.5668686868686869,27
758,0.5668686868686869,28
759,0.5668686868686869,29
760,0.581919191919192,10
761,0.581919191919192,11
762,0.581919191919192,12
763,0.581919191919192,13
764,0.581919191919192,14
765,0.581919191919192,15
766,0.581919191919192,16
767,0.581919191919192,17
768,0.581919191919192,18
769,0.581919191919192,19
770,0.581919191919192,20
771,0.581919191919192,21
772,0.581919191919192,22
773,0.581919191919192,23
774,0.581919191919192,24
775,0.581919191919192,25
776,0.581919191919192,26
777,0.581919191919192,27
778,0.581919191919192,28
779,0.581919191919192,29
780,0.5969696969696969,10
781,0.5969696969696969,11
782,0.5969696969696969,12
783,0.5969696969696969,13
784,0.5969696969696969,14
785,0.5969696969696969,15
786,0.5969696969696969,16
787,0.5969696969696969,17
788,0.5969696969696969,18
789,0.5969696969696969,19
790,0.5969696969696969,20
791,0.5969696969696969,21
792,0.5969696969696969,22
793,0.5969696969696969,23
794,0.5969696969696969,24
795,0.5969696969696969,25
796,0.5969696969696969,26
797,0.5969696969696969,27
798,0.5969696969696969,28
799,0.5969696969696969,29
800,0.612020202020202,10
801,0.612020202020202,11
802,0.612020202020202,12
803,0.612020202020202,13
804,0.612020202020202,14
805,0.612020202020202,15
806,0.612020202020202,16
807,0.612020202020202,17
808,0.612020202020202,18
809,0.612020202020202,19
810,0.612020202020202,20
811,0.612020202020202,21
812,0.612020202020202,22
813,0.612020202020202,23
814,0.612020202020202,24
815,0.612020202020202,25
816,0.612020202020202,26
817,0.612020202020202,27
818,0.612020202020202,28
819,0.612020202020202,29
820,0.6270707070707071,10
821,0.6270707070707071,11
822,0.6270707070707071,12
823,0.6270707070707071,13
824,0.6270707070707071,14
825,0.6270707070707071,15
826,0.6270707070707071,16
827,0.6270707070707071,17
828,0.6270707070707071,18
829,0.6270707070707071,19
830,0.6270707070707071,20
831,0.6270707070707071,21
832,0.6270707070707071,22
833,0.6270707070707071,23
834,0.6270707070707071,24
835,0.6270707070707071,25
836,0.6270707070707071,26
837,0.6270707070707071,27
838,0.6270707070707071,28
839,0.6270707070707071,29
840,0.6421212121212121,10
841,0.6421212121212121,11
842,0.6421212121212121,12
843,0.6421212121212121,13
844,0.6421212121212121,14
845,0.6421212121212121,15
846,0.6421212121212121,16
847,0.6421212121212121,17
848,0.6421212121212121,18
849,0.6421212121212121,19
850,0.6421212121212121,20
851,0.6421212121212121,21
852,0.6421212121212121,22
853,0.6421212121212121,23
854,0.6421212121212121,24
855,0.6421212121212121,25
856,0.6421212121212121,26
857,0.6421212121212121,27
858,0.6421212121212121,28
859,0.6421212121212121,29
860,0.6571717171717172,10
861,0.6571717171717172,11
862,0.6571717171717172,12
863,0.6571717171717172,13
864,0.6571717171717172,14
865,0.6571717171717172,15
866,0.6571717171717172,16
867,0.6571717171717172,17
868,0.6571717171717172,18
869,0.6571717171717172,19
870,0.6571717171717172,20
871,0.6571717171717172,21
872,0.6571717171717172,22
873,0.6571717171717172,23
874,0.6571717171717172,24
875,0.6571717171717172,25
876,0.6571717171717172,26
877,0.6571717171717172,27
878,0.6571717171717172,28
879,0.6571717171717172,29
880,0.6722222222222223,10
881,0.6722222222222223,11
882,0.6722222222222223,12
883,0.6722222222222223,13
884,0.6722222222222223,14
885,0.6722222222222223,15
886,0.6722222222222223,16
887,0.6722222222222223,17
888,0.6722222222222223,18
889,0.6722222222222223,19
890,0.6722222222222223,20
891,0.6722222222222223,21
892,0.6722222222222223,22
893,0.6722222222222223,23
894,0.6722222222222223,24
895,0.6722222222222223,25
896,0.6722222222222223,26
897,0.6722222222222223,27
898,0.6722222222222223,28
899,0.6722222222222223,29
900,0.6872727272727273,10
901,0.6872727272727273,11
902,0.6872727272727273,12
903,0.6872727272727273,13
904,0.6872727272727273,14
905,0.6872727272727273,15
906,0.6872727272727273,16
907,0.6872727272727273,17
908,0.6872727272727273,18
909,0.6872727272727273,19
910,0.6872727272727273,20
911,0.6872727272727273,21
912,0.6872727272727273,22
913,0.6872727272727273,23
914,0.6872727272727273,24
915,0.6872727272727273,25
916,0.6872727272727273,26
917,0.6872727272727273,27
918,0.6872727272727273,28
919,0.6872727272727273,29
920,0.7023232323232323,10
921,0.7023232323232323,11
922,0.7023232323232323,12
923,0.7023232323232323,13
924,0.7023232323232323,14
925,0.7023232323232323,15
926,0.7023232323232323,16
927,0.7023232323232323,17
928,0.7023232323232323,18
929,0.7023232323232323,19
930,0.7023232323232323,20
931,0.7023232323232323,21
932,0.7023232323232323,22
933,0.7023232323232323,23
934,0.7023232323232323,24
935,0.7023232323232323,25
936,0.7023232323232323,26
937,0.7023232323232323,27
938,0.7023232323232323,28
939,0.7023232323232323,29
940,0.7173737373737373,10
941,0.7173737373737373,11
942,0.7173737373737373,12
943,0.7173737373737373,13
944,0.7173737373737373,14
945,0.7173737373737373,15
946,0.7173737373737373,16
947,0.7173737373737373,17
948,0.7173737373737373,18
949,0.7173737373737373,19
950,0.7173737373737373,20
951,0.7173737373737373,21
952,0.7173737373737373,22
953,0.7173737373737373,23
954,0.7173737373737373,24
955,0.7173737373737373,25
956,0.7173737373737373,26
957,0.7173737373737373,27
958,0.7173737373737373,28
959,0.7173737373737373,29
960,0.7324242424242424,10
961,0.7324242424242424,11
962,0.7324242424242424,12
963,0.7324242424242424,13
964,0.7324242424242424,14
965,0.7324242424242424,15
966,0.7324242424242424,16
967,0.7324242424242424,17
968,0.7324242424242424,18
969,0.7324242424242424,19
970,0.7324242424242424,20
971,0.7324242424242424,21
972,0.7324242424242424,22
973,0.7324242424242424,23
974,0.7324242424242424,24
975,0.7324242424242424,25
976,0.7324242424242424,26
977,0.7324242424242424,27
978,0.7324242424242424,28
979,0.7324242424242424,29
980,0.7474747474747475,10
981,0.7474747474747475,11
982,0.7474747474747475,12
983,0.7474747474747475,13
984,0.7474747474747475,14
985,0.7474747474747475,15
986,0.7474747474747475,16
987,0.7474747474747475,17
988,0.7474747474747475,18
989,0.7474747474747475,19
990,0.7474747474747475,20
991,0.7474747474747475,21
992,0.7474747474747475,22
993,0.7474747474747475,23
994,0.7474747474747475,24
995,0.7474747474747475,25
996,0.7474747474747475,26
997,0.7474747474747475,27
998,0.7474747474747475,28
999,0.7474747474747475,29
1000,0.7625252525252525,10
1001,0.7625252525252525,11
1002,0.7625252525252525,12
1003,0.7625252525252525,13
1004,0.7625252525252525,14
1005,0.7625252525252525,15
1006,0.7625252525252525,16
1007,0.7625252525252525,17
1008,0.7625252525252525,18
1009,0.7625252525252525,19
1010,0.7625252525252525,20
1011,0.7625252525252525,21
1012,0.7625252525252525,22
1013,0.7625252525252525,23
1014,0.7625252525252525,24
1015,0.7625252525252525,25
1016,0.7625252525252525,26
1017,0.7625252525252525,27
1018,0.7625252525252525,28
1019,0.7625252525252525,29
1020,0.7775757575757576,10
1021,0.7775757575757576,11
1022,0.7775757575757576,12
1023,0.7775757575757576,13
1024,0.7775757575757576,14
1025,0.7775757575757576,15
1026,0.7775757575757576,16
1027,0.7775757575757576,17
1028,0.7775757575757576,18
1029,0.7775757575757576,19
1030,0.7775757575757576,20
1031,0.7775757575757576,21
1032,0.7775757575757576,22
1033,0.7775757575757576,23
1034,0.7775757575757576,24
1035,0.7775757575757576,25
1036,0.7775757575757576,26
1037,0.7775757575757576,27
1038,0.7775757575757576,28
1039,0.7775757575757576,29
1040,0.7926262626262626,10
1041,0.7926262626262626,11
1042,0.7926262626262626,12
1043,0.7926262626262626,13
1044,0.7926262626262626,14
1045,0.7926262626262626,15
1046,0.7926262626262626,16
1047,0.7926262626262626,17
1048,0.7926262626262626,18
1049,0.7926262626262626,19
1050,0.7926262626262626,20
1051,0.7926262626262626,21
1052,0.7926262626262626,22
1053,0.7926262626262626,23
1054,0.7926262626262626,24
1055,0.7926262626262626,25
1056,0.7926262626262626,26
1057,0.7926262626262626,27
1058,0.7926262626262626,28
1059,0.7926262626262626,29
1060,0.8076767676767677,10
1061,0.8076767676767677,11
1062,0.8076767676767677,12
1063,0.8076767676767677,13
1064,0.8076767676767677,14
1065,0.8076767676767677,15
1066,0.8076767676767677,16
1067,0.8076767676767677,17
1068,0.8076767676767677,18
1069,0.8076767676767677,19
1070,0.8076767676767677,20
1071,0.8076767676767677,21
1072,0.8076767676767677,22
1073,0.8076767676767677,23
1074,0.8076767676767677,24
1075,0.8076767676767677,25
1076,0.8076767676767677,26
1077,0.8076767676767677,27
1078,0.8076767676767677,28
1079,0.8076767676767677,29
1080,0.8227272727272728,10
1081,0.8227272727272728,11
1082,0.8227272727272728,12
1083,0.8227272727272728,13
1084,0.8227272727272728,14
1085,0.8227272727272728,15
1086,0.8227272727272728,16
1087,0.8227272727272728,17
1088,0.8227272727272728,18
1089,0.8227272727272728,19
1090,0.8227272727272728,20
1091,0.8227272727272728,21
1092,0.8227272727272728,22
1093,0.8227272727272728,23
1094,0.8227272727272728,24
1095,0.8227272727272728,25
1096,0.8227272727272728,26
1097,0.8227272727272728,27
1098,0.8227272727272728,28
1099,0.8227272727272728,29
1100,0.8377777777777777,10
1101,0.8377777777777777,11
1102,0.8377777777777777,12
1103,0.8377777777777777,13
1104,0.8377777777777777,14
1105,0.8377777777777777,15
1106,0.8377777777777777,16
1107,0.8377777777777777,17
1108,0.8377777777777777,18
1109,0.8377777777777777,19
1110,0.8377777777777777,20
1111,0.8377777777777777,21
1112,0.8377777777777777,22
1113,0.8377777777777777,23
1114,0.8377777777777777,24
1115,0.8377777777777777,25
1116,0.8377777777777777,26
1117,0.8377777777777777,27
1118,0.8377777777777777,28
1119,0.8377777777777777,29
1120,0.8528282828282828,10
1121,0.8528282828282828,11
1122,0.8528282828282828,12
1123,0.8528282828282828,13
1124,0.8528282828282828,14
1125,0.8528282828282828,15
1126,0.8528282828282828,16
1127,0.8528282828282828,17
1128,0.8528282828282828,18
1129,0.8528282828282828,19
1130,0.8528282828282828,20
1131,0.8528282828282828,21
1132,0.8528282828282828,22
1133,0.8528282828282828,23
1134,0.8528282828282828,24
1135,0.8528282828282828,25
1136,0.8528282828282828,26
1137,0.8528282828282828,27
1138,0.8528282828282828,28
1139,0.8528282828282828,29
1140,0.8678787878787879,10
1141,0.8678787878787879,11
1142,0.8678787878787879,12
1143,0.8678787878787879,13
1144,0.8678787878787879,14
1145,0.8678787878787879,15
1146,0.8678787878787879,16
1147,0.8678787878787879,17
1148,0.8678787878787879,18
1149,0.8678787878787879,19
1150,0.8678787878787879,20
1151,0.8678787878787879,21
1152,0.8678787878787879,22
1153,0.8678787878787879,23
1154,0.8678787878787879,24
1155,0.8678787878787879,25
1156,0.8678787878787879,26
1157,0.8678787878787879,27
1158,0.8678787878787879,28
1159,0.8678787878787879,29
1160,0.8829292929292929,10
1161,0.8829292929292929,11
1162,0.8829292929292929,12
1163,0.8829292929292929,13
1164,0.8829292929292929,14
1165,0.8829292929292929,15
1166,0.8829292929292929,16
1167,0.8829292929292929,17
1168,0.8829292929292929,18
1169,0.8829292929292929,19
1170,0.8829292929292929,20
1171,0.8829292929292929,21
1172,0.8829292929292929,22
1173,0.8829292929292929,23
1174,0.8829292929292929,24
1175,0.8829292929292929,25
1176,0.8829292929292929,26
1177,0.8829292929292929,27
1178,0.8829292929292929,28
1179,0.8829292929292929,29
1180,0.897979797979798,10
1181,0.897979797979798,11
1182,0.897979797979798,12
1183,0.897979797979798,13
1184,0.897979797979798,14
1185,0.897979797979798,15
1186,0.897979797979798,16
1187,0.897979797979798,17
1188,0.897979797979798,18
1189,0.897979797979798,19
1190,0.897979797979798,20
1191,0.897979797979798,21
1192,0.897979797979798,22
1193,0.897979797979798,23
1194,0.897979797979798,24
1195,0.897979797979798,25
1196,0.897979797979798,26
1197,0.897979797979798,27
1198,0.897979797979798,28
1199,0.897979797979798,29
1200,0.9130303030303031,10
1201,0.9130303030303031,11
1202,0.9130303030303031,12
1203,0.9130303030303031,13
1204,0.9130303030303031,14
1205,0.9130303030303031,15
1206,0.9130303030303031,16
1207,0.9130303030303031,17
1208,0.9130303030303031,18
1209,0.9130303030303031,19
1210,0.9130303030303031,20
1211,0.9130303030303031,21
1212,0.9130303030303031,22
1213,0.9130303030303031,23
1214,0.9130303030303031,24
1215,0.9130303030303031,25
1216,0.9130303030303031,26
1217,0.9130303030303031,27
1218,0.9130303030303031,28
1219,0.9130303030303031,29
1220,0.9280808080808081,10
1221,0.9280808080808081,11
1222,0.9280808080808081,12
1223,0.9280808080808081,13
1224,0.9280808080808081,14
1225,0.9280808080808081,15
1226,0.9280808080808081,16
1227,0.9280808080808081,17
1228,0.9280808080808081,18
1229,0.9280808080808081,19
1230,0.9280808080808081,20
1231,0.9280808080808081,21
1232,0.9280808080808081,22
1233,0.9280808080808081,23
1234,0.9280808080808081,24
1235,0.9280808080808081,25
1236,0.9280808080808081,26
1237,0.9280808080808081,27
1238,0.9280808080808081,28
1239,0.9280808080808081,29
1240,0.9431313131313132,10
1241,0.9431313131313132,11
1242,0.9431313131313132,12
1243,0.9431313131313132,13
1244,0.9431313131313132,14
1245,0.9431313131313132,15
1246,0.9431313131313132,16
1247,0.9431313131313132,17
1248,0.9431313131313132,18
1249,0.9431313131313132,19
1250,0.9431313131313132,20
1251,0.9431313131313132,21
1252,0.9431313131313132,22
1253,0.9431313131313132,23
1254,0.9431313131313132,24
1255,0.9431313131313132,25
1256,0.9431313131313132,26
1257,0.9431313131313132,27
1258,0.9431313131313132,28
1259,0.9431313131313132,29
1260,0.9581818181818181,10
1261,0.9581818181818181,11
1262,0.9581818181818181,12
1263,0.9581818181818181,13
1264,0.9581818181818181,14
1265,0.9581818181818181,15
1266,0.9581818181818181,16
1267,0.9581818181818181,17
1268,0.9581818181818181,18
1269,0.9581818181818181,19
1270,0.9581818181818181,20
1271,0.9581818181818181,21
1272,0.9581818181818181,22
1273,0.9581818181818181,23
1274,0.9581818181818181,24
1275,0.9581818181818181,25
1276,0.9581818181818181,26
1277,0.9581818181818181,27
1278,0.9581818181818181,28
1279,0.9581818181818181,29
1280,0.9732323232323232,10
1281,0.9732323232323232,11
1282,0.9732323232323232,12
1283,0.9732323232323232,13
1284,0.9732323232323232,14
1285,0.9732323232323232,15
1286,0.9732323232323232,16
1287,0.9732323232323232,17
1288,0.9732323232323232,18
1289,0.9732323232323232,19
1290,0.9732323232323232,20
1291,0.9732323232323232,21
1292,0.9732323232323232,22
1293,0.9732323232323232,23
1294,0.9732323232323232,24
1295,0.9732323232323232,25
1296,0.9732323232323232,26
1297,0.9732323232323232,27
1298,0.9732323232323232,28
1299,0.9732323232323232,29
1300,0.9882828282828283,10
1301,0.9882828282828283,11
1302,0.9882828282828283,12
1303,0.9882828282828283,13
1304,0.9882828282828283,14
1305,0.9882828282828283,15
1306,0.9882828282828283,16
1307,0.9882828282828283,17
1308,0.9882828282828283,18
1309,0.9882828282828283,19
1310,0.9882828282828283,20
1311,0.9882828282828283,21
1312,0.9882828282828283,22
1313,0.9882828282828283,23
1314,0.9882828282828283,24
1315,0.9882828282828283,25
1316,0.9882828282828283,26
1317,0.9882828282828283,27
1318,0.9882828282828283,28
1319,0.9882828282828283,29
1320,1.0033333333333332,10
1321,1.0033333333333332,11
1322,1.0033333333333332,12
1323,1.0033333333333332,13
1324,1.0033333333333332,14
1325,1.0033333333333332,15
1326,1.0033333333333332,16
1327,1.0033333333333332,17
1328,1.0033333333333332,18
1329,1.0033333333333332,19
1330,1.0033333333333332,20
1331,1.0033333333333332,21
1332,1.0033333333333332,22
1333,1.0033333333333332,23
1334,1.0033333333333332,24
1335,1.0033333333333332,25
1336,1.0033333333333332,26
1337,1.0033333333333332,27
1338,1.0033333333333332,28
1339,1.0033333333333332,29
1340,1.0183838383838384,10
1341,1.0183838383838384,11
1342,1.0183838383838384,12
1343,1.0183838383838384,13
1344,1.0183838383838384,14
1345,1.0183838383838384,15
1346,1.0183838383838384,16
1347,1.0183838383838384,17
1348,1.0183838383838384,18
1349,1.0183838383838384,19
1350,1.0183838383838384,20
1351,1.0183838383838384,21
1352,1.0183838383838384,22
1353,1.0183838383838384,23
1354,1.0183838383838384,24
1355,1.0183838383838384,25
1356,1.0183838383838384,26
1357,1.0183838383838384,27
1358,1.0183838383838384,28
1359,1.0183838383838384,29
1360,1.0334343434343434,10
1361,1.0334343434343434,11
1362,1.0334343434343434,12
1363,1.0334343434343434,13
1364,1.0334343434343434,14
1365,1.0334343434343434,15
1366,1.0334343434343434,16
1367,1.0334343434343434,17
1368,1.0334343434343434,18
1369,1.0334343434343434,19
1370,1.0334343434343434,20
1371,1.0334343434343434,21
1372,1.0334343434343434,22
1373,1.0334343434343434,23
1374,1.0334343434343434,24
1375,1.0334343434343434,25
1376,1.0334343434343434,26
1377,1.0334343434343434,27
1378,1.0334343434343434,28
1379,1.0334343434343434,29
1380,1.0484848484848486,10
1381,1.0484848484848486,11
1382,1.0484848484848486,12
1383,1.0484848484848486,13
1384,1.0484848484848486,14
1385,1.0484848484848486,15
1386,1.0484848484848486,16
1387,1.0484848484848486,17
1388,1.0484848484848486,18
1389,1.0484848484848486,19
1390,1.0484848484848486,20
1391,1.0484848484848486,21
1392,1.0484848484848486,22
1393,1.0484848484848486,23
1394,1.0484848484848486,24
1395,1.0484848484848486,25
1396,1.0484848484848486,26
1397,1.0484848484848486,27
1398,1.0484848484848486,28
1399,1.0484848484848486,29
1400,1.0635353535353536,10
1401,1.0635353535353536,11
1402,1.0635353535353536,12
1403,1.0635353535353536,13
1404,1.0635353535353536,14
1405,1.0635353535353536,15
1406,1.0635353535353536,16
1407,1.0635353535353536,17
1408,1.0635353535353536,18
1409,1.0635353535353536,19
1410,1.0635353535353536,20
1411,1.0635353535353536,21
1412,1.0635353535353536,22
1413,1.0635353535353536,23
1414,1.0635353535353536,24
1415,1.0635353535353536,25
1416,1.0635353535353536,26
1417,1.0635353535353536,27
1418,1.0635353535353536,28
1419,1.0635353535353536,29
1420,1.0785858585858585,10
1421,1.0785858585858585,11
1422,1.0785858585858585,12
1423,1.0785858585858585,13
1424,1.0785858585858585,14
1425,1.0785858585858585,15
1426,1.0785858585858585,16
1427,1.0785858585858585,17
1428,1.0785858585858585,18
1429,1.0785858585858585,19
1430,1.0785858585858585,20
1431,1.0785858585858585,21
1432,1.0785858585858585,22
1433,1.0785858585858585,23
1434,1.0785858585858585,24
1435,1.0785858585858585,25
1436,1.0785858585858585,26
1437,1.0785858585858585,27
1438,1.0785858585858585,28
1439,1.0785858585858585,29
1440,1.0936363636363635,10
1441,1.0936363636363635,11
1442,1.0936363636363635,12
1443,1.0936363636363635,13
1444,1.0936363636363635,14
1445,1.0936363636363635,15
1446,1.0936363636363635,16
1447,1.0936363636363635,17
1448,1.0936363636363635,18
1449,1.0936363636363635,19
1450,1.0936363636363635,20
1451,1.0936363636363635,21
1452,1.0936363636363635,22
1453,1.0936363636363635,23
1454,1.0936363636363635,24
1455,1.0936363636363635,25
1456,1.0936363636363635,26
1457,1.0936363636363635,27
1458,1.0936363636363635,28
1459,1.0936363636363635,29
1460,1.1086868686868687,10
1461,1.1086868686868687,11
1462,1.1086868686868687,12
1463,1.1086868686868687,13
1464,1.1086868686868687,14
1465,1.1086868686868687,15
1466,1.1086868686868687,16
1467,1.1086868686868687,17
1468,1.1086868686868687,18
1469,1.1086868686868687,19
1470,1.1086868686868687,20
1471,1.1086868686868687,21
1472,1.1086868686868687,22
1473,1.1086868686868687,23
1474,1.1086868686868687,24
1475,1.1086868686868687,25
1476,1.1086868686868687,26
1477,1.1086868686868687,27
1478,1.1086868686868687,28
1479,1.1086868686868687,29
1480,1.1237373737373737,10
1481,1.1237373737373737,11
1482,1.1237373737373737,12
1483,1.1237373737373737,13
1484,1.1237373737373737,14
1485,1.1237373737373737,15
1486,1.1237373737373737,16
1487,1.1237373737373737,17
1488,1.1237373737373737,18
1489,1.1237373737373737,19
1490,1.1237373737373737,20
1491,1.1237373737373737,21
1492,1.1237373737373737,22
1493,1.1237373737373737,23
1494,1.1237373737373737,24
1495,1.1237373737373737,25
1496,1.1237373737373737,26
1497,1.1237373737373737,27
1498,1.1237373737373737,28
1499,1.1237373737373737,29
1500,1.1387878787878787,10
1501,1.1387878787878787,11
1502,1.1387878787878787,12
1503,1.1387878787878787,13
1504,1.1387878787878787,14
1505,1.1387878787878787,15
1506,1.1387878787878787,16
1507,1.1387878787878787,17
1508,1.1387878787878787,18
1509,1.1387878787878787,19
1510,1.1387878787878787,20
1511,1.1387878787878787,21
1512,1.1387878787878787,22
1513,1.1387878787878787,23
1514,1.1387878787878787,24
1515,1.1387878787878787,25
1516,1.1387878787878787,26
1517,1.1387878787878787,27
1518,1.1387878787878787,28
1519,1.1387878787878787,29
1520,1.1538383838383839,10
1521,1.1538383838383839,11
1522,1.1538383838383839,12
1523,1.1538383838383839,13
1524,1.1538383838383839,14
1525,1.1538383838383839,15
1526,1.1538383838383839,16
1527,1.1538383838383839,17
1528,1.1538383838383839,18
1529,1.1538383838383839,19
1530,1.1538383838383839,20
1531,1.1538383838383839,21
1532,1.1538383838383839,22
1533,1.1538383838383839,23
1534,1.1538383838383839,24
1535,1.1538383838383839,25
1536,1.1538383838383839,26
1537,1.1538383838383839,27
1538,1.1538383838383839,28
1539,1.1538383838383839,29
1540,1.1688888888888889,10
1541,1.1688888888888889,11
1542,1.1688888888888889,12
1543,1.1688888888888889,13
1544,1.1688888888888889,14
1545,1.1688888888888889,15
1546,1.1688888888888889,16
1547,1.1688888888888889,17
1548,1.1688888888888889,18
1549,1.1688888888888889,19
1550,1.1688888888888889,20
1551,1.1688888888888889,21
1552,1.1688888888888889,22
1553,1.1688888888888889,23
1554,1.1688888888888889,24
1555,1.1688888888888889,25
1556,1.1688888888888889,26
1557,1.1688888888888889,27
1558,1.1688888888888889,28
1559,1.1688888888888889,29
1560,1.1839393939393938,10
1561,1.1839393939393938,11
1562,1.1839393939393938,12
1563,1.1839393939393938,13
1564,1.1839393939393938,14
1565,1.1839393939393938,15
1566,1.1839393939393938,16
1567,1.1839393939393938,17
1568,1.1839393939393938,18
1569,1.1839393939393938,19
1570,1.1839393939393938,20
1571,1.1839393939393938,21
1572,1.1839393939393938,22
1573,1.1839393939393938,23
1574,1.1839393939393938,24
1575,1.1839393939393938,25
1576,1.1839393939393938,26
1577,1.1839393939393938,27
1578,1.1839393939393938,28
1579,1.1839393939393938,29
1580,1.198989898989899,10
1581,1.198989898989899,11
1582,1.198989898989899,12
1583,1.198989898989899,13
1584,1.198989898989899,14
1585,1.198989898989899,15
1586,1.198989898989899,16
1587,1.198989898989899,17
1588,1.198989898989899,18
1589,1.198989898989899,19
1590,1.198989898989899,20
1591,1.198989898989899,21
1592,1.198989898989899,22
1593,1.198989898989899,23
1594,1.198989898989899,24
1595,1.198989898989899,25
1596,1.198989898989899,26
1597,1.198989898989899,27
1598,1.198989898989899,28
1599,1.198989898989899,29
1600,1.214040404040404,10
1601,1.214040404040404,11
1602,1.214040404040404,12
1603,1.214040404040404,13
1604,1.214040404040404,14
1605,1.214040404040404,15
1606,1.214040404040404,16
1607,1.214040404040404,17
1608,1.214040404040404,18
1609,1.214040404040404,19
1610,1.214040404040404,20
1611,1.214040404040404,21
1612,1.214040404040404,22
1613,1.214040404040404,23
1614,1.214040404040404,24
1615,1.214040404040404,25
1616,1.214040404040404,26
1617,1.214040404040404,27
1618,1.214040404040404,28
1619,1.214040404040404,29
1620,1.229090909090909,10
1621,1.229090909090909,11
1622,1.229090909090909,12
1623,1.229090909090909,13
1624,1.229090909090909,14
1625,1.229090909090909,15
1626,1.229090909090909,16
1627,1.229090909090909,17
1628,1.229090909090909,18
1629,1.229090909090909,19
1630,1.229090909090909,20
1631,1.229090909090909,21
1632,1.229090909090909,22
1633,1.229090909090909,23
1634,1.229090909090909,24
1635,1.229090909090909,25
1636,1.229090909090909,26
1637,1.229090909090909,27
1638,1.229090909090909,28
1639,1.229090909090909,29
1640,1.2441414141414142,10
1641,1.2441414141414142,11
1642,1.2441414141414142,12
1643,1.2441414141414142,13
1644,1.2441414141414142,14
1645,1.2441414141414142,15
1646,1.2441414141414142,16
1647,1.2441414141414142,17
1648,1.2441414141414142,18
1649,1.2441414141414142,19
1650,1.2441414141414142,20
1651,1.2441414141414142,21
1652,1.2441414141414142,22
1653,1.2441414141414142,23
1654,1.2441414141414142,24
1655,1.2441414141414142,25
1656,1.2441414141414142,26
1657,1.2441414141414142,27
1658,1.2441414141414142,28
1659,1.2441414141414142,29
1660,1.2591919191919192,10
1661,1.2591919191919192,11
1662,1.2591919191919192,12
1663,1.2591919191919192,13
1664,1.2591919191919192,14
1665,1.2591919191919192,15
1666,1.2591919191919192,16
1667,1.2591919191919192,17
1668,1.2591919191919192,18
1669,1.2591919191919192,19
1670,1.2591919191919192,20
1671,1.2591919191919192,21
1672,1.2591919191919192,22
1673,1.2591919191919192,23
1674,1.2591919191919192,24
1675,1.2591919191919192,25
1676,1.2591919191919192,26
1677,1.2591919191919192,27
1678,1.2591919191919192,28
1679,1.2591919191919192,29
1680,1.2742424242424242,10
1681,1.2742424242424242,11
1682,1.2742424242424242,12
1683,1.2742424242424242,13
1684,1.2742424242424242,14
1685,1.2742424242424242,15
1686,1.2742424242424242,16
1687,1.2742424242424242,17
1688,1.2742424242424242,18
1689,1.2742424242424242,19
1690,1.2742424242424242,20
1691,1.2742424242424242,21
1692,1.2742424242424242,22
1693,1.2742424242424242,23
1694,1.2742424242424242,24
1695,1.2742424242424242,25
1696,1.2742424242424242,26
1697,1.2742424242424242,27
1698,1.2742424242424242,28
1699,1.2742424242424242,29
1700,1.2892929292929294,10
1701,1.2892929292929294,11
1702,1.2892929292929294,12
1703,1.2892929292929294,13
1704,1.2892929292929294,14
1705,1.2892929292929294,15
1706,1.2892929292929294,16
1707,1.2892929292929294,17
1708,1.2892929292929294,18
1709,1.2892929292929294,19
1710,1.2892929292929294,20
1711,1.2892929292929294,21
1712,1.2892929292929294,22
1713,1.2892929292929294,23
1714,1.2892929292929294,24
1715,1.2892929292929294,25
1716,1.2892929292929294,26
1717,1.2892929292929294,27
1718,1.2892929292929294,28
1719,1.2892929292929294,29
1720,1.3043434343434344,10
1721,1.3043434343434344,11
1722,1.3043434343434344,12
1723,1.3043434343434344,13
1724,1.3043434343434344,14
1725,1.3043434343434344,15
1726,1.3043434343434344,16
1727,1.3043434343434344,17
1728,1.3043434343434344,18
1729,1.3043434343434344,19
1730,1.3043434343434344,20
1731,1.3043434343434344,21
1732,1.3043434343434344,22
1733,1.3043434343434344,23
1734,1.3043434343434344,24
1735,1.3043434343434344,25
1736,1.3043434343434344,26
1737,1.3043434343434344,27
1738,1.3043434343434344,28
1739,1.3043434343434344,29
1740,1.3193939393939393,10
1741,1.3193939393939393,11
1742,1.3193939393939393,12
1743,1.3193939393939393,13
1744,1.3193939393939393,14
1745,1.3193939393939393,15
1746,1.3193939393939393,16
1747,1.3193939393939393,17
1748,1.3193939393939393,18
1749,1.3193939393939393,19
1750,1.3193939393939393,20
1751,1.3193939393939393,21
1752,1.3193939393939393,22
1753,1.3193939393939393,23
1754,1.3193939393939393,24
1755,1.3193939393939393,25
1756,1.3193939393939393,26
1757,1.3193939393939393,27
1758,1.3193939393939393,28
1759,1.3193939393939393,29
1760,1.3344444444444445,10
1761,1.3344444444444445,11
1762,1.3344444444444445,12
1763,1.3344444444444445,13
1764,1.3344444444444445,14
1765,1.3344444444444445,15
1766,1.3344444444444445,16
1767,1.3344444444444445,17
1768,1.3344444444444445,18
1769,1.3344444444444445,19
1770,1.3344444444444445,20
1771,1.3344444444444445,21
1772,1.3344444444444445,22
1773,1.3344444444444445,23
1774,1.3344444444444445,24
1775,1.3344444444444445,25
1776,1.3344444444444445,26
1777,1.3344444444444445,27
1778,1.3344444444444445,28
1779,1.3344444444444445,29
1780,1.3494949494949495,10
1781,1.3494949494949495,11
1782,1.3494949494949495,12
1783,1.3494949494949495,13
1784,1.3494949494949495,14
1785,1.3494949494949495,15
1786,1.3494949494949495,16
1787,1.3494949494949495,17
1788,1.3494949494949495,18
1789,1.3494949494949495,19
1790,1.3494949494949495,20
1791,1.3494949494949495,21
1792,1.3494949494949495,22
1793,1.3494949494949495,23
1794,1.3494949494949495,24
1795,1.3494949494949495,25
1796,1.3494949494949495,26
1797,1.3494949494949495,27
1798,1.3494949494949495,28
1799,1.3494949494949495,29
1800,1.3645454545454545,10
1801,1.3645454545454545,11
1802,1.3645454545454545,12
1803,1.3645454545454545,13
1804,1.3645454545454545,14
1805,1.3645454545454545,15
1806,1.3645454545454545,16
1807,1.3645454545454545,17
1808,1.3645454545454545,18
1809,1.3645454545454545,19
1810,1.3645454545454545,20
1811,1.3645454545454545,21
1812,1.3645454545454545,22
1813,1.3645454545454545,23
1814,1.3645454545454545,24
1815,1.3645454545454545,25
1816,1.3645454545454545,26
1817,1.3645454545454545,27
1818,1.3645454545454545,28
1819,1.3645454545454545,29
1820,1.3795959595959595,10
1821,1.3795959595959595,11
1822,1.3795959595959595,12
1823,1.3795959595959595,13
1824,1.3795959595959595,14
1825,1.3795959595959595,15
1826,1.3795959595959595,16
1827,1.3795959595959595,17
1828,1.3795959595959595,18
1829,1.3795959595959595,19
1830,1.3795959595959595,20
1831,1.3795959595959595,21
1832,1.3795959595959595,22
1833,1.3795959595959595,23
1834,1.3795959595959595,24
1835,1.3795959595959595,25
1836,1.3795959595959595,26
1837,1.3795959595959595,27
1838,1.3795959595959595,28
1839,1.3795959595959595,29
1840,1.3946464646464647,10
1841,1.3946464646464647,11
1842,1.3946464646464647,12
1843,1.3946464646464647,13
1844,1.3946464646464647,14
1845,1.3946464646464647,15
1846,1.3946464646464647,16
1847,1.3946464646464647,17
1848,1.3946464646464647,18
1849,1.3946464646464647,19
1850,1.3946464646464647,20
1851,1.3946464646464647,21
1852,1.3946464646464647,22
1853,1.3946464646464647,23
1854,1.3946464646464647,24
1855,1.3946464646464647,25
1856,1.3946464646464647,26
1857,1.3946464646464647,27
1858,1.3946464646464647,28
1859,1.3946464646464647,29
1860,1.4096969696969697,10
1861,1.4096969696969697,11
1862,1.4096969696969697,12
1863,1.4096969696969697,13
1864,1.4096969696969697,14
1865,1.4096969696969697,15
1866,1.4096969696969697,16
1867,1.4096969696969697,17
1868,1.4096969696969697,18
1869,1.4096969696969697,19
1870,1.4096969696969697,20
1871,1.4096969696969697,21
1872,1.4096969696969697,22
1873,1.4096969696969697,23
1874,1.4096969696969697,24
1875,1.4096969696969697,25
1876,1.4096969696969697,26
1877,1.4096969696969697,27
1878,1.4096969696969697,28
1879,1.4096969696969697,29
1880,1.4247474747474747,10
1881,1.4247474747474747,11
1882,1.4247474747474747,12
1883,1.4247474747474747,13
1884,1.4247474747474747,14
1885,1.4247474747474747,15
1886,1.4247474747474747,16
1887,1.4247474747474747,17
1888,1.4247474747474747,18
1889,1.4247474747474747,19
1890,1.4247474747474747,20
1891,1.4247474747474747,21
1892,1.4247474747474747,22
1893,1.4247474747474747,23
1894,1.4247474747474747,24
1895,1.4247474747474747,25
1896,1.4247474747474747,26
1897,1.4247474747474747,27
1898,1.4247474747474747,28
1899,1.4247474747474747,29
1900,1.4397979797979799,10
1901,1.4397979797979799,11
1902,1.4397979797979799,12
1903,1.4397979797979799,13
1904,1.4397979797979799,14
1905,1.4397979797979799,15
1906,1.4397979797979799,16
1907,1.4397979797979799,17
1908,1.4397979797979799,18
1909,1.4397979797979799,19
1910,1.4397979797979799,20
1911,1.4397979797979799,21
1912,1.4397979797979799,22
1913,1.4397979797979799,23
1914,1.4397979797979799,24
1915,1.4397979797979799,25
1916,1.4397979797979799,26
1917,1.4397979797979799,27
1918,1.4397979797979799,28
1919,1.4397979797979799,29
1920,1.4548484848484848,10
1921,1.4548484848484848,11
1922,1.4548484848484848,12
1923,1.4548484848484848,13
1924,1.4548484848484848,14
1925,1.4548484848484848,15
1926,1.4548484848484848,16
1927,1.4548484848484848,17
1928,1.4548484848484848,18
1929,1.4548484848484848,19
1930,1.4548484848484848,20
1931,1.4548484848484848,21
1932,1.4548484848484848,22
1933,1.4548484848484848,23
1934,1.4548484848484848,24
1935,1.4548484848484848,25
1936,1.4548484848484848,26
1937,1.4548484848484848,27
1938,1.4548484848484848,28
1939,1.4548484848484848,29
1940,1.4698989898989898,10
1941,1.4698989898989898,11
1942,1.4698989898989898,12
1943,1.4698989898989898,13
1944,1.4698989898989898,14
1945,1.4698989898989898,15
1946,1.4698989898989898,16
1947,1.4698989898989898,17
1948,1.4698989898989898,18
1949,1.4698989898989898,19
1950,1.4698989898989898,20
1951,1.4698989898989898,21
1952,1.4698989898989898,22
1953,1.4698989898989898,23
1954,1.4698989898989898,24
1955,1.4698989898989898,25
1956,1.4698989898989898,26
1957,1.4698989898989898,27
1958,1.4698989898989898,28
1959,1.4698989898989898,29
1960,1.484949494949495,10
1961,1.484949494949495,11
1962,1.484949494949495,12
1963,1.484949494949495,13
1964,1.484949494949495,14
1965,1.484949494949495,15
1966,1.484949494949495,16
1967,1.484949494949495,17
1968,1.484949494949495,18
1969,1.484949494949495,19
1970,1.484949494949495,20
1971,1.484949494949495,21
1972,1.484949494949495,22
1973,1.484949494949495,23
1974,1.484949494949495,24
1975,1.484949494949495,25
1976,1.484949494949495,26
1977,1.484949494949495,27
1978,1.484949494949495,28
1979,1.484949494949495,29
1980,1.5,10
1981,1.5,11
1982,1.5,12
1983,1.5,13
1984,1.5,14
1985,1.5,15
1986,1.5,16
1987,1.5,17
1988,1.5,18
1989,1.5,19
1990,1.5,20
1991,1.5,21
1992,1.5,22
1993,1.5,23
1994,1.5,24
1995,1.5,25
1996,1.5,26
1997,1.5,27
1998,1.5,28
1999,1.5,29